{
	"welcomeFile": "/index.html",
	"authenticationMethod": "route",
	"routes": [
		{
			"source": "^/apimcf(.*)$",
			"target": "$1",
			"csrfProtection": false,
			"destination": "ext_mcc_apim_cf"
		},
		{
			"source": "^/apim(.*)$",
			"target": "$1",
			"csrfProtection": false,
			"destination": "ext_mcc_apim"
		},
		{
			"source": "^/sapit-employee-data",
			"target": "/",
			"csrfProtection": false,
			"destination": "sapit-employee-data"
		},
		{
			"source": "^/user-api(.*)",
			"target": "$1",
			"service": "sap-approuter-userapi"
		},
		{
			"source": "^/index.html",
			"service": "html5-apps-repo-rt",
			"cacheControl": "no-cache, no-store, must-revalidate"
		},
		{
			"source": "^/sap-ui-cachebuster-info.json(.*)$",
			"target": "/sap-ui-cachebuster-info.json$1",
			"service": "html5-apps-repo-rt",
			"cacheControl": "no-cache, no-store, must-revalidate"
		},
		{
			"source": "^(.*)$",
			"target": "$1",
			"service": "html5-apps-repo-rt",
			"scope": [
				"$XSAPPNAME.user"
			]
		}
	]
}