<edmx:Edmx xmlns:edmx="http://schemas.microsoft.com/ado/2007/06/edmx" xmlns:sap="http://www.sap.com/Protocols/SAPData"
	xmlns:ux="http://www.sap.com/Protocols/OData4SAP/UX" xmlns:gp="http://www.sap.com/Protocols/SAPData/GenericPlayer" Version="1.0">
	<edmx:Reference xmlns:edmx="http://docs.oasis-open.org/odata/ns/edmx" Uri="https://sap.github.io/odata-vocabularies/vocabularies/Common.xml"><edmx:Include Alias="Common" Namespace="com.sap.vocabularies.Common.v1"/></edmx:Reference>
	<edmx:Reference xmlns:edmx="http://docs.oasis-open.org/odata/ns/edmx"
		Uri="https://oasis-tcs.github.io/odata-vocabularies/vocabularies/Org.OData.Core.V1.xml"><edmx:Include Alias="Core" Namespace="Org.OData.Core.V1"/></edmx:Reference>
	<edmx:Reference xmlns:edmx="http://docs.oasis-open.org/odata/ns/edmx" Uri="https://sap.github.io/odata-vocabularies/vocabularies/UI.xml"><edmx:Include Alias="UI" Namespace="com.sap.vocabularies.UI.v1"/></edmx:Reference>
	<edmx:DataServices xmlns:m="http://schemas.microsoft.com/ado/2007/08/dataservices/metadata" m:DataServiceVersion="2.0">
		<Schema xmlns="http://schemas.microsoft.com/ado/2008/09/edm" Namespace="MCCIssueTracking">
			<EntityType Name="ActionPlan">
				<Key><PropertyRef Name="UUID"/></Key><Property Name="createdAt" Type="Edm.DateTimeOffset" Precision="7"/><Property Name="createdBy" Type="Edm.String" MaxLength="255"/><Property Name="modifiedAt" Type="Edm.DateTimeOffset" Precision="7"/><Property Name="modifiedBy" Type="Edm.String" MaxLength="255"/><Property Name="UUID" Type="Edm.Guid" Nullable="false"/><Property Name="CaseID" Type="Edm.Int32"/><Property Name="TopIssueID" Type="Edm.Guid"/><Property Name="ActivityID" Type="Edm.Int32"/><Property Name="ActionTitle" Type="Edm.String"/><Property Name="ResponsibleUser" Type="Edm.String"/><Property Name="ResponsibleUserName" Type="Edm.String"/><Property Name="ResponsibleOrg" Type="Edm.String"/><Property Name="DueDate" Type="Edm.DateTime" sap:display-format="Date"/><Property Name="Done" Type="Edm.Boolean"/></EntityType>
			<EntityType Name="AffectedProducts">
				<Key><PropertyRef Name="UUID"/></Key><Property Name="createdAt" Type="Edm.DateTimeOffset" Precision="7"/><Property Name="createdBy" Type="Edm.String" MaxLength="255"/><Property Name="modifiedAt" Type="Edm.DateTimeOffset" Precision="7"/><Property Name="modifiedBy" Type="Edm.String" MaxLength="255"/><Property Name="UUID" Type="Edm.Guid" Nullable="false"/><Property Name="CaseID" Type="Edm.Int32"/><Property Name="PPMSVersionID" Type="Edm.String"/><Property Name="IsMainProduct" Type="Edm.Boolean"/></EntityType>
			<EntityType Name="AssignedTickets">
				<Key><PropertyRef Name="UUID"/></Key><Property Name="createdAt" Type="Edm.DateTimeOffset" Precision="7"/><Property Name="createdBy" Type="Edm.String" MaxLength="255"/><Property Name="modifiedAt" Type="Edm.DateTimeOffset" Precision="7"/><Property Name="modifiedBy" Type="Edm.String" MaxLength="255"/><Property Name="UUID" Type="Edm.Guid" Nullable="false"/><Property Name="AssignedTicketID" Type="Edm.String"/><Property Name="ActivityID" Type="Edm.Int32"/><Property Name="isMainURL" Type="Edm.Boolean"/><Property Name="TicketType" Type="Edm.String"/><Property Name="URL" Type="Edm.String"/><Property Name="Description" Type="Edm.String"/></EntityType>
			<EntityType Name="Cases">
				<Key><PropertyRef Name="CaseID"/></Key><Property Name="createdAt" Type="Edm.DateTimeOffset" Precision="7"/><Property Name="createdBy" Type="Edm.String" MaxLength="255"/><Property Name="modifiedAt" Type="Edm.DateTimeOffset" Precision="7"/><Property Name="modifiedBy" Type="Edm.String" MaxLength="255"/><Property Name="CaseID" Type="Edm.Int32" Nullable="false"/><Property Name="UseCaseType" Type="Edm.String"/><Property Name="Partner" Type="Edm.String"/><NavigationProperty Name="toIssues" Relationship="MCCIssueTracking.Cases_toIssues" FromRole="Cases" ToRole="Issues"/><NavigationProperty Name="toAffectedProducts" Relationship="MCCIssueTracking.Cases_toAffectedProducts" FromRole="Cases"
					ToRole="AffectedProducts"/><NavigationProperty Name="toActionPlan" Relationship="MCCIssueTracking.Cases_toActionPlan" FromRole="Cases" ToRole="ActionPlan"/></EntityType>
			<EntityType Name="DropdownValues">
				<Key><PropertyRef Name="DropdownID"/></Key><Property Name="DropdownID" Type="Edm.Guid" Nullable="false"/><Property Name="DropdownName" Type="Edm.String"/><Property Name="DropdownValue" Type="Edm.String"/><Property Name="position" Type="Edm.Int32"/><Property Name="ProfileName" Type="Edm.String"/></EntityType>
			<EntityType Name="Fields">
				<Key><PropertyRef Name="FieldID"/></Key><Property Name="FieldID" Type="Edm.Guid" Nullable="false"/><Property Name="ProfileName" Type="Edm.String"/><Property Name="label" Type="Edm.String"/><Property Name="mandatory" Type="Edm.Boolean"/><Property Name="editable" Type="Edm.Boolean"/><Property Name="UIArea" Type="Edm.String"/><Property Name="position" Type="Edm.Int32"/><Property Name="Fieldtype" Type="Edm.String"/><Property Name="DropdownName" Type="Edm.String"/><Property Name="Source" Type="Edm.String"/><Property Name="WriteToSource" Type="Edm.String"/><Property Name="DBColumnName" Type="Edm.String"/><NavigationProperty Name="toDropdownValues" Relationship="MCCIssueTracking.Fields_toDropdownValues" FromRole="Fields"
					ToRole="DropdownValues"/></EntityType>
			<EntityType Name="Issues">
				<Key><PropertyRef Name="ActivityID"/></Key><Property Name="createdAt" Type="Edm.DateTimeOffset" Precision="7"/><Property Name="createdBy" Type="Edm.String" MaxLength="255"/><Property Name="modifiedAt" Type="Edm.DateTimeOffset" Precision="7"/><Property Name="modifiedBy" Type="Edm.String" MaxLength="255"/><Property Name="ActivityID" Type="Edm.Int32" Nullable="false"/><Property Name="CaseID" Type="Edm.Int32"/><Property Name="TopIssueID" Type="Edm.Guid"/><Property Name="TopIssueIDReporting" Type="Edm.Int32"/><Property Name="Solution" Type="Edm.String"/><Property Name="IssueType" Type="Edm.String"/><Property Name="IssueSubtype" Type="Edm.String"/><Property Name="RootCause" Type="Edm.String"/><Property Name="RespOrgToFix" Type="Edm.String"/><Property Name="Effort" Type="Edm.Int32"/><Property Name="ServiceDaysSold" Type="Edm.Int32"/><Property Name="BusinessImpact" Type="Edm.String"/><Property Name="Recommendation" Type="Edm.String"/><Property Name="CustomerName" Type="Edm.String"/><NavigationProperty Name="toAssignedTickets" Relationship="MCCIssueTracking.Issues_toAssignedTickets" FromRole="Issues"
					ToRole="AssignedTickets"/><NavigationProperty Name="toActionPlan" Relationship="MCCIssueTracking.Issues_toActionPlan" FromRole="Issues" ToRole="ActionPlan"/></EntityType>
			<EntityType Name="MailRoles">
				<Key><PropertyRef Name="RoleID"/></Key><Property Name="createdAt" Type="Edm.DateTimeOffset" Precision="7"/><Property Name="createdBy" Type="Edm.String" MaxLength="255"/><Property Name="modifiedAt" Type="Edm.DateTimeOffset" Precision="7"/><Property Name="modifiedBy" Type="Edm.String" MaxLength="255"/><Property Name="RoleID" Type="Edm.Guid" Nullable="false"/><Property Name="caseID" Type="Edm.Int32"/><Property Name="RoleName" Type="Edm.String"/><Property Name="Recipients" Type="Edm.String"/><Property Name="RoleType" Type="Edm.String"/><Property Name="country" Type="Edm.String"/><Property Name="region" Type="Edm.String"/><Property Name="subregion" Type="Edm.String"/><Property Name="subsubregion" Type="Edm.String"/><Property Name="subsubsubregion" Type="Edm.String"/><Property Name="SolutionArea" Type="Edm.String"/><NavigationProperty Name="MailTemplates" Relationship="MCCIssueTracking.Templates2Roles_MailRole" FromRole="MailRoles"
					ToRole="Templates2Roles"/><NavigationProperty Name="toSolutionArea" Relationship="MCCIssueTracking.MailRoles_toSolutionArea" FromRole="MailRoles"
					ToRole="ProductMapping"/></EntityType>
			<EntityType Name="MailTemplates">
				<Key><PropertyRef Name="TemplateID"/></Key><Property Name="createdAt" Type="Edm.DateTimeOffset" Precision="7"/><Property Name="createdBy" Type="Edm.String" MaxLength="255"/><Property Name="modifiedAt" Type="Edm.DateTimeOffset" Precision="7"/><Property Name="modifiedBy" Type="Edm.String" MaxLength="255"/><Property Name="TemplateID" Type="Edm.Guid" Nullable="false"/><Property Name="profile" Type="Edm.String"/><Property Name="TemplateName" Type="Edm.String"/><Property Name="TemplateDescription" Type="Edm.String"/><Property Name="TemplateType" Type="Edm.String"/><NavigationProperty Name="MailRoles" Relationship="MCCIssueTracking.Templates2Roles_MailTemplate" FromRole="MailTemplates"
					ToRole="Templates2Roles"/></EntityType>
			<EntityType Name="NoteTemplates">
				<Key><PropertyRef Name="UUID"/></Key><Property Name="UUID" Type="Edm.Guid" Nullable="false"/><Property Name="profile" Type="Edm.String"/><Property Name="templateName" Type="Edm.String"/><Property Name="content" Type="Edm.String"/></EntityType>
			<EntityType Name="ProductMapping">
				<Key><PropertyRef Name="ID"/></Key><Property Name="ID" Type="Edm.Guid" Nullable="false"/><Property Name="SolutionArea" Type="Edm.String"/><Property Name="ProductID" Type="Edm.String"/><Property Name="ProductLineID" Type="Edm.String"/><NavigationProperty Name="toMailRoles" Relationship="MCCIssueTracking.ProductMapping_toMailRoles" FromRole="ProductMapping"
					ToRole="MailRoles"/></EntityType>
			<EntityType Name="Recommendations">
				<Key><PropertyRef Name="UID"/></Key><Property Name="createdAt" Type="Edm.DateTimeOffset" Precision="7"/><Property Name="createdBy" Type="Edm.String" MaxLength="255"/><Property Name="modifiedAt" Type="Edm.DateTimeOffset" Precision="7"/><Property Name="modifiedBy" Type="Edm.String" MaxLength="255"/><Property Name="UID" Type="Edm.Guid" Nullable="false"/><Property Name="CaseID" Type="Edm.Int32"/><Property Name="TopIssueID" Type="Edm.Int32"/><Property Name="ActivityID" Type="Edm.Int32"/><Property Name="RecommendationType" Type="Edm.String"/><Property Name="OrganizationTarget" Type="Edm.String"/><Property Name="Responsible" Type="Edm.String"/><Property Name="ImprovementPotential" Type="Edm.String"/><Property Name="ProposedMeasure" Type="Edm.String"/><Property Name="Status" Type="Edm.String"/><Property Name="Comments" Type="Edm.String"/></EntityType>
			<EntityType Name="RegionHelp">
				<Key><PropertyRef Name="country"/></Key><Property Name="country" Type="Edm.String" Nullable="false"/><Property Name="region" Type="Edm.String"/><Property Name="subregion" Type="Edm.String"/><Property Name="subsubregion" Type="Edm.String"/><Property Name="subsubsubregion" Type="Edm.String"/></EntityType>
			<EntityType Name="ReportingCases">
				<Key><PropertyRef Name="CaseID"/></Key><Property Name="CaseID" Type="Edm.Int32" Nullable="false"/><Property Name="Partner" Type="Edm.String"/><Property Name="UseCaseType" Type="Edm.String"/></EntityType>
			<EntityType Name="ReportingIssues">
				<Key><PropertyRef Name="ActivityID"/></Key><Property Name="ActivityID" Type="Edm.Int32" Nullable="false"/><Property Name="CaseID" Type="Edm.Int32"/><Property Name="TopIssueIDReporting" Type="Edm.Int32"/><Property Name="Solution" Type="Edm.String"/><Property Name="IssueType" Type="Edm.String"/><Property Name="IssueSubType" Type="Edm.String"/><Property Name="RootCause" Type="Edm.String"/><Property Name="RespOrgToFix" Type="Edm.String"/><Property Name="Effort" Type="Edm.Int32"/><Property Name="ServiceDaysSold" Type="Edm.Int32"/><Property Name="CustomerName" Type="Edm.String"/></EntityType>
			<EntityType Name="Templates2Roles">
				<Key><PropertyRef Name="MailTemplate_TemplateID"/><PropertyRef Name="MailRole_RoleID"/></Key><Property Name="ToOrCC" Type="Edm.String"/><Property Name="Editable" Type="Edm.Boolean"/><Property Name="MailTemplate_TemplateID" Type="Edm.Guid" Nullable="false"/><Property Name="MailRole_RoleID" Type="Edm.Guid" Nullable="false"/><NavigationProperty Name="MailTemplate" Relationship="MCCIssueTracking.Templates2Roles_MailTemplate" FromRole="Templates2Roles"
					ToRole="MailTemplates"/><NavigationProperty Name="MailRole" Relationship="MCCIssueTracking.Templates2Roles_MailRole" FromRole="Templates2Roles" ToRole="MailRoles"/></EntityType>
			<Association Name="Cases_toIssues"><End Type="MCCIssueTracking.Cases" Multiplicity="*" Role="Cases"/><End Type="MCCIssueTracking.Issues" Multiplicity="*" Role="Issues"/></Association>
			<Association Name="Cases_toAffectedProducts"><End Type="MCCIssueTracking.Cases" Multiplicity="*" Role="Cases"/><End Type="MCCIssueTracking.AffectedProducts" Multiplicity="*" Role="AffectedProducts"/></Association>
			<Association Name="Cases_toActionPlan"><End Type="MCCIssueTracking.Cases" Multiplicity="*" Role="Cases"/><End Type="MCCIssueTracking.ActionPlan" Multiplicity="*" Role="ActionPlan"/></Association>
			<Association Name="Fields_toDropdownValues"><End Type="MCCIssueTracking.Fields" Multiplicity="*" Role="Fields"/><End Type="MCCIssueTracking.DropdownValues" Multiplicity="*" Role="DropdownValues"/></Association>
			<Association Name="Issues_toAssignedTickets"><End Type="MCCIssueTracking.Issues" Multiplicity="*" Role="Issues"/><End Type="MCCIssueTracking.AssignedTickets" Multiplicity="*" Role="AssignedTickets"/></Association>
			<Association Name="Issues_toActionPlan"><End Type="MCCIssueTracking.Issues" Multiplicity="*" Role="Issues"/><End Type="MCCIssueTracking.ActionPlan" Multiplicity="*" Role="ActionPlan"/></Association>
			<Association Name="MailRoles_toSolutionArea"><End Type="MCCIssueTracking.MailRoles" Multiplicity="*" Role="MailRoles"/><End Type="MCCIssueTracking.ProductMapping" Multiplicity="*" Role="ProductMapping"/></Association>
			<Association Name="ProductMapping_toMailRoles"><End Type="MCCIssueTracking.ProductMapping" Multiplicity="*" Role="ProductMapping"/><End Type="MCCIssueTracking.MailRoles" Multiplicity="*" Role="MailRoles"/></Association>
			<Association Name="Templates2Roles_MailTemplate"><End Type="MCCIssueTracking.Templates2Roles" Multiplicity="*" Role="Templates2Roles"/><End Type="MCCIssueTracking.MailTemplates" Multiplicity="0..1" Role="MailTemplates"/>
				<ReferentialConstraint>
					<Principal Role="MailTemplates"><PropertyRef Name="TemplateID"/></Principal>
					<Dependent Role="Templates2Roles"><PropertyRef Name="MailTemplate_TemplateID"/></Dependent>
				</ReferentialConstraint>
			</Association>
			<Association Name="Templates2Roles_MailRole"><End Type="MCCIssueTracking.Templates2Roles" Multiplicity="*" Role="Templates2Roles"/><End Type="MCCIssueTracking.MailRoles" Multiplicity="0..1" Role="MailRoles"/>
				<ReferentialConstraint>
					<Principal Role="MailRoles"><PropertyRef Name="RoleID"/></Principal>
					<Dependent Role="Templates2Roles"><PropertyRef Name="MailRole_RoleID"/></Dependent>
				</ReferentialConstraint>
			</Association>
			<EntityContainer Name="EntityContainer" m:IsDefaultEntityContainer="true"><EntitySet Name="ActionPlan" EntityType="MCCIssueTracking.ActionPlan"/><EntitySet Name="AffectedProducts" EntityType="MCCIssueTracking.AffectedProducts"/><EntitySet Name="AssignedTickets" EntityType="MCCIssueTracking.AssignedTickets"/><EntitySet Name="Cases" EntityType="MCCIssueTracking.Cases"/><EntitySet Name="DropdownValues" EntityType="MCCIssueTracking.DropdownValues"/><EntitySet Name="Fields" EntityType="MCCIssueTracking.Fields"/><EntitySet Name="Issues" EntityType="MCCIssueTracking.Issues"/><EntitySet Name="MailRoles" EntityType="MCCIssueTracking.MailRoles"/><EntitySet Name="MailTemplates" EntityType="MCCIssueTracking.MailTemplates"/><EntitySet Name="NoteTemplates" EntityType="MCCIssueTracking.NoteTemplates"/><EntitySet Name="ProductMapping" EntityType="MCCIssueTracking.ProductMapping"/><EntitySet Name="Recommendations" EntityType="MCCIssueTracking.Recommendations"/><EntitySet Name="RegionHelp" EntityType="MCCIssueTracking.RegionHelp"/><EntitySet Name="ReportingCases" EntityType="MCCIssueTracking.ReportingCases"/><EntitySet Name="ReportingIssues" EntityType="MCCIssueTracking.ReportingIssues"/><EntitySet Name="Templates2Roles" EntityType="MCCIssueTracking.Templates2Roles"/>
				<AssociationSet Name="Cases_toIssues" Association="MCCIssueTracking.Cases_toIssues"><End EntitySet="Cases" Role="Cases"/><End EntitySet="Issues" Role="Issues"/></AssociationSet>
				<AssociationSet Name="Cases_toAffectedProducts" Association="MCCIssueTracking.Cases_toAffectedProducts"><End EntitySet="Cases" Role="Cases"/><End EntitySet="AffectedProducts" Role="AffectedProducts"/></AssociationSet>
				<AssociationSet Name="Cases_toActionPlan" Association="MCCIssueTracking.Cases_toActionPlan"><End EntitySet="Cases" Role="Cases"/><End EntitySet="ActionPlan" Role="ActionPlan"/></AssociationSet>
				<AssociationSet Name="Fields_toDropdownValues" Association="MCCIssueTracking.Fields_toDropdownValues"><End EntitySet="Fields" Role="Fields"/><End EntitySet="DropdownValues" Role="DropdownValues"/></AssociationSet>
				<AssociationSet Name="Issues_toAssignedTickets" Association="MCCIssueTracking.Issues_toAssignedTickets"><End EntitySet="Issues" Role="Issues"/><End EntitySet="AssignedTickets" Role="AssignedTickets"/></AssociationSet>
				<AssociationSet Name="Issues_toActionPlan" Association="MCCIssueTracking.Issues_toActionPlan"><End EntitySet="Issues" Role="Issues"/><End EntitySet="ActionPlan" Role="ActionPlan"/></AssociationSet>
				<AssociationSet Name="MailRoles_toSolutionArea" Association="MCCIssueTracking.MailRoles_toSolutionArea"><End EntitySet="MailRoles" Role="MailRoles"/><End EntitySet="ProductMapping" Role="ProductMapping"/></AssociationSet>
				<AssociationSet Name="ProductMapping_toMailRoles" Association="MCCIssueTracking.ProductMapping_toMailRoles"><End EntitySet="ProductMapping" Role="ProductMapping"/><End EntitySet="MailRoles" Role="MailRoles"/></AssociationSet>
				<AssociationSet Name="Templates2Roles_MailTemplate" Association="MCCIssueTracking.Templates2Roles_MailTemplate"><End EntitySet="Templates2Roles" Role="Templates2Roles"/><End EntitySet="MailTemplates" Role="MailTemplates"/></AssociationSet>
				<AssociationSet Name="Templates2Roles_MailRole" Association="MCCIssueTracking.Templates2Roles_MailRole"><End EntitySet="Templates2Roles" Role="Templates2Roles"/><End EntitySet="MailRoles" Role="MailRoles"/></AssociationSet>
			</EntityContainer>
			<Annotations xmlns="http://docs.oasis-open.org/odata/ns/edm" Target="MCCIssueTracking.ActionPlan/createdAt"><Annotation xmlns="http://docs.oasis-open.org/odata/ns/edm" Term="Common.Label" String="Angelegt am"/><Annotation xmlns="http://docs.oasis-open.org/odata/ns/edm" Term="Core.Computed" Bool="true"/><Annotation xmlns="http://docs.oasis-open.org/odata/ns/edm" Term="Core.Immutable" Bool="true"/><Annotation xmlns="http://docs.oasis-open.org/odata/ns/edm" Term="UI.HiddenFilter" Bool="true"/></Annotations>
			<Annotations xmlns="http://docs.oasis-open.org/odata/ns/edm" Target="MCCIssueTracking.ActionPlan/createdBy"><Annotation xmlns="http://docs.oasis-open.org/odata/ns/edm" Term="Common.Label" String="Angelegt von"/><Annotation xmlns="http://docs.oasis-open.org/odata/ns/edm" Term="Core.Computed" Bool="true"/><Annotation xmlns="http://docs.oasis-open.org/odata/ns/edm" Term="Core.Description" String="Die eindeutige ID eines Benutzers"/><Annotation xmlns="http://docs.oasis-open.org/odata/ns/edm" Term="Core.Immutable" Bool="true"/><Annotation xmlns="http://docs.oasis-open.org/odata/ns/edm" Term="UI.HiddenFilter" Bool="true"/></Annotations>
			<Annotations xmlns="http://docs.oasis-open.org/odata/ns/edm" Target="MCCIssueTracking.ActionPlan/modifiedAt"><Annotation xmlns="http://docs.oasis-open.org/odata/ns/edm" Term="Common.Label" String="Geändert am"/><Annotation xmlns="http://docs.oasis-open.org/odata/ns/edm" Term="Core.Computed" Bool="true"/><Annotation xmlns="http://docs.oasis-open.org/odata/ns/edm" Term="UI.HiddenFilter" Bool="true"/></Annotations>
			<Annotations xmlns="http://docs.oasis-open.org/odata/ns/edm" Target="MCCIssueTracking.ActionPlan/modifiedBy"><Annotation xmlns="http://docs.oasis-open.org/odata/ns/edm" Term="Common.Label" String="Geändert von"/><Annotation xmlns="http://docs.oasis-open.org/odata/ns/edm" Term="Core.Computed" Bool="true"/><Annotation xmlns="http://docs.oasis-open.org/odata/ns/edm" Term="Core.Description" String="Die eindeutige ID eines Benutzers"/><Annotation xmlns="http://docs.oasis-open.org/odata/ns/edm" Term="UI.HiddenFilter" Bool="true"/></Annotations>
			<Annotations xmlns="http://docs.oasis-open.org/odata/ns/edm" Target="MCCIssueTracking.AffectedProducts/createdAt"><Annotation xmlns="http://docs.oasis-open.org/odata/ns/edm" Term="Common.Label" String="Angelegt am"/><Annotation xmlns="http://docs.oasis-open.org/odata/ns/edm" Term="Core.Computed" Bool="true"/><Annotation xmlns="http://docs.oasis-open.org/odata/ns/edm" Term="Core.Immutable" Bool="true"/><Annotation xmlns="http://docs.oasis-open.org/odata/ns/edm" Term="UI.HiddenFilter" Bool="true"/></Annotations>
			<Annotations xmlns="http://docs.oasis-open.org/odata/ns/edm" Target="MCCIssueTracking.AffectedProducts/createdBy"><Annotation xmlns="http://docs.oasis-open.org/odata/ns/edm" Term="Common.Label" String="Angelegt von"/><Annotation xmlns="http://docs.oasis-open.org/odata/ns/edm" Term="Core.Computed" Bool="true"/><Annotation xmlns="http://docs.oasis-open.org/odata/ns/edm" Term="Core.Description" String="Die eindeutige ID eines Benutzers"/><Annotation xmlns="http://docs.oasis-open.org/odata/ns/edm" Term="Core.Immutable" Bool="true"/><Annotation xmlns="http://docs.oasis-open.org/odata/ns/edm" Term="UI.HiddenFilter" Bool="true"/></Annotations>
			<Annotations xmlns="http://docs.oasis-open.org/odata/ns/edm" Target="MCCIssueTracking.AffectedProducts/modifiedAt"><Annotation xmlns="http://docs.oasis-open.org/odata/ns/edm" Term="Common.Label" String="Geändert am"/><Annotation xmlns="http://docs.oasis-open.org/odata/ns/edm" Term="Core.Computed" Bool="true"/><Annotation xmlns="http://docs.oasis-open.org/odata/ns/edm" Term="UI.HiddenFilter" Bool="true"/></Annotations>
			<Annotations xmlns="http://docs.oasis-open.org/odata/ns/edm" Target="MCCIssueTracking.AffectedProducts/modifiedBy"><Annotation xmlns="http://docs.oasis-open.org/odata/ns/edm" Term="Common.Label" String="Geändert von"/><Annotation xmlns="http://docs.oasis-open.org/odata/ns/edm" Term="Core.Computed" Bool="true"/><Annotation xmlns="http://docs.oasis-open.org/odata/ns/edm" Term="Core.Description" String="Die eindeutige ID eines Benutzers"/><Annotation xmlns="http://docs.oasis-open.org/odata/ns/edm" Term="UI.HiddenFilter" Bool="true"/></Annotations>
			<Annotations xmlns="http://docs.oasis-open.org/odata/ns/edm" Target="MCCIssueTracking.AssignedTickets/createdAt"><Annotation xmlns="http://docs.oasis-open.org/odata/ns/edm" Term="Common.Label" String="Angelegt am"/><Annotation xmlns="http://docs.oasis-open.org/odata/ns/edm" Term="Core.Computed" Bool="true"/><Annotation xmlns="http://docs.oasis-open.org/odata/ns/edm" Term="Core.Immutable" Bool="true"/><Annotation xmlns="http://docs.oasis-open.org/odata/ns/edm" Term="UI.HiddenFilter" Bool="true"/></Annotations>
			<Annotations xmlns="http://docs.oasis-open.org/odata/ns/edm" Target="MCCIssueTracking.AssignedTickets/createdBy"><Annotation xmlns="http://docs.oasis-open.org/odata/ns/edm" Term="Common.Label" String="Angelegt von"/><Annotation xmlns="http://docs.oasis-open.org/odata/ns/edm" Term="Core.Computed" Bool="true"/><Annotation xmlns="http://docs.oasis-open.org/odata/ns/edm" Term="Core.Description" String="Die eindeutige ID eines Benutzers"/><Annotation xmlns="http://docs.oasis-open.org/odata/ns/edm" Term="Core.Immutable" Bool="true"/><Annotation xmlns="http://docs.oasis-open.org/odata/ns/edm" Term="UI.HiddenFilter" Bool="true"/></Annotations>
			<Annotations xmlns="http://docs.oasis-open.org/odata/ns/edm" Target="MCCIssueTracking.AssignedTickets/modifiedAt"><Annotation xmlns="http://docs.oasis-open.org/odata/ns/edm" Term="Common.Label" String="Geändert am"/><Annotation xmlns="http://docs.oasis-open.org/odata/ns/edm" Term="Core.Computed" Bool="true"/><Annotation xmlns="http://docs.oasis-open.org/odata/ns/edm" Term="UI.HiddenFilter" Bool="true"/></Annotations>
			<Annotations xmlns="http://docs.oasis-open.org/odata/ns/edm" Target="MCCIssueTracking.AssignedTickets/modifiedBy"><Annotation xmlns="http://docs.oasis-open.org/odata/ns/edm" Term="Common.Label" String="Geändert von"/><Annotation xmlns="http://docs.oasis-open.org/odata/ns/edm" Term="Core.Computed" Bool="true"/><Annotation xmlns="http://docs.oasis-open.org/odata/ns/edm" Term="Core.Description" String="Die eindeutige ID eines Benutzers"/><Annotation xmlns="http://docs.oasis-open.org/odata/ns/edm" Term="UI.HiddenFilter" Bool="true"/></Annotations>
			<Annotations xmlns="http://docs.oasis-open.org/odata/ns/edm" Target="MCCIssueTracking.Cases/createdAt"><Annotation xmlns="http://docs.oasis-open.org/odata/ns/edm" Term="Common.Label" String="Angelegt am"/><Annotation xmlns="http://docs.oasis-open.org/odata/ns/edm" Term="Core.Computed" Bool="true"/><Annotation xmlns="http://docs.oasis-open.org/odata/ns/edm" Term="Core.Immutable" Bool="true"/><Annotation xmlns="http://docs.oasis-open.org/odata/ns/edm" Term="UI.HiddenFilter" Bool="true"/></Annotations>
			<Annotations xmlns="http://docs.oasis-open.org/odata/ns/edm" Target="MCCIssueTracking.Cases/createdBy"><Annotation xmlns="http://docs.oasis-open.org/odata/ns/edm" Term="Common.Label" String="Angelegt von"/><Annotation xmlns="http://docs.oasis-open.org/odata/ns/edm" Term="Core.Computed" Bool="true"/><Annotation xmlns="http://docs.oasis-open.org/odata/ns/edm" Term="Core.Description" String="Die eindeutige ID eines Benutzers"/><Annotation xmlns="http://docs.oasis-open.org/odata/ns/edm" Term="Core.Immutable" Bool="true"/><Annotation xmlns="http://docs.oasis-open.org/odata/ns/edm" Term="UI.HiddenFilter" Bool="true"/></Annotations>
			<Annotations xmlns="http://docs.oasis-open.org/odata/ns/edm" Target="MCCIssueTracking.Cases/modifiedAt"><Annotation xmlns="http://docs.oasis-open.org/odata/ns/edm" Term="Common.Label" String="Geändert am"/><Annotation xmlns="http://docs.oasis-open.org/odata/ns/edm" Term="Core.Computed" Bool="true"/><Annotation xmlns="http://docs.oasis-open.org/odata/ns/edm" Term="UI.HiddenFilter" Bool="true"/></Annotations>
			<Annotations xmlns="http://docs.oasis-open.org/odata/ns/edm" Target="MCCIssueTracking.Cases/modifiedBy"><Annotation xmlns="http://docs.oasis-open.org/odata/ns/edm" Term="Common.Label" String="Geändert von"/><Annotation xmlns="http://docs.oasis-open.org/odata/ns/edm" Term="Core.Computed" Bool="true"/><Annotation xmlns="http://docs.oasis-open.org/odata/ns/edm" Term="Core.Description" String="Die eindeutige ID eines Benutzers"/><Annotation xmlns="http://docs.oasis-open.org/odata/ns/edm" Term="UI.HiddenFilter" Bool="true"/></Annotations>
			<Annotations xmlns="http://docs.oasis-open.org/odata/ns/edm" Target="MCCIssueTracking.Issues/createdAt"><Annotation xmlns="http://docs.oasis-open.org/odata/ns/edm" Term="Common.Label" String="Angelegt am"/><Annotation xmlns="http://docs.oasis-open.org/odata/ns/edm" Term="Core.Computed" Bool="true"/><Annotation xmlns="http://docs.oasis-open.org/odata/ns/edm" Term="Core.Immutable" Bool="true"/><Annotation xmlns="http://docs.oasis-open.org/odata/ns/edm" Term="UI.HiddenFilter" Bool="true"/></Annotations>
			<Annotations xmlns="http://docs.oasis-open.org/odata/ns/edm" Target="MCCIssueTracking.Issues/createdBy"><Annotation xmlns="http://docs.oasis-open.org/odata/ns/edm" Term="Common.Label" String="Angelegt von"/><Annotation xmlns="http://docs.oasis-open.org/odata/ns/edm" Term="Core.Computed" Bool="true"/><Annotation xmlns="http://docs.oasis-open.org/odata/ns/edm" Term="Core.Description" String="Die eindeutige ID eines Benutzers"/><Annotation xmlns="http://docs.oasis-open.org/odata/ns/edm" Term="Core.Immutable" Bool="true"/><Annotation xmlns="http://docs.oasis-open.org/odata/ns/edm" Term="UI.HiddenFilter" Bool="true"/></Annotations>
			<Annotations xmlns="http://docs.oasis-open.org/odata/ns/edm" Target="MCCIssueTracking.Issues/modifiedAt"><Annotation xmlns="http://docs.oasis-open.org/odata/ns/edm" Term="Common.Label" String="Geändert am"/><Annotation xmlns="http://docs.oasis-open.org/odata/ns/edm" Term="Core.Computed" Bool="true"/><Annotation xmlns="http://docs.oasis-open.org/odata/ns/edm" Term="UI.HiddenFilter" Bool="true"/></Annotations>
			<Annotations xmlns="http://docs.oasis-open.org/odata/ns/edm" Target="MCCIssueTracking.Issues/modifiedBy"><Annotation xmlns="http://docs.oasis-open.org/odata/ns/edm" Term="Common.Label" String="Geändert von"/><Annotation xmlns="http://docs.oasis-open.org/odata/ns/edm" Term="Core.Computed" Bool="true"/><Annotation xmlns="http://docs.oasis-open.org/odata/ns/edm" Term="Core.Description" String="Die eindeutige ID eines Benutzers"/><Annotation xmlns="http://docs.oasis-open.org/odata/ns/edm" Term="UI.HiddenFilter" Bool="true"/></Annotations>
			<Annotations xmlns="http://docs.oasis-open.org/odata/ns/edm" Target="MCCIssueTracking.Issues/CustomerName"><Annotation xmlns="http://docs.oasis-open.org/odata/ns/edm" Term="Core.Computed" Bool="true"/></Annotations>
			<Annotations xmlns="http://docs.oasis-open.org/odata/ns/edm" Target="MCCIssueTracking.MailRoles/createdAt"><Annotation xmlns="http://docs.oasis-open.org/odata/ns/edm" Term="Common.Label" String="Angelegt am"/><Annotation xmlns="http://docs.oasis-open.org/odata/ns/edm" Term="Core.Computed" Bool="true"/><Annotation xmlns="http://docs.oasis-open.org/odata/ns/edm" Term="Core.Immutable" Bool="true"/><Annotation xmlns="http://docs.oasis-open.org/odata/ns/edm" Term="UI.HiddenFilter" Bool="true"/></Annotations>
			<Annotations xmlns="http://docs.oasis-open.org/odata/ns/edm" Target="MCCIssueTracking.MailRoles/createdBy"><Annotation xmlns="http://docs.oasis-open.org/odata/ns/edm" Term="Common.Label" String="Angelegt von"/><Annotation xmlns="http://docs.oasis-open.org/odata/ns/edm" Term="Core.Computed" Bool="true"/><Annotation xmlns="http://docs.oasis-open.org/odata/ns/edm" Term="Core.Description" String="Die eindeutige ID eines Benutzers"/><Annotation xmlns="http://docs.oasis-open.org/odata/ns/edm" Term="Core.Immutable" Bool="true"/><Annotation xmlns="http://docs.oasis-open.org/odata/ns/edm" Term="UI.HiddenFilter" Bool="true"/></Annotations>
			<Annotations xmlns="http://docs.oasis-open.org/odata/ns/edm" Target="MCCIssueTracking.MailRoles/modifiedAt"><Annotation xmlns="http://docs.oasis-open.org/odata/ns/edm" Term="Common.Label" String="Geändert am"/><Annotation xmlns="http://docs.oasis-open.org/odata/ns/edm" Term="Core.Computed" Bool="true"/><Annotation xmlns="http://docs.oasis-open.org/odata/ns/edm" Term="UI.HiddenFilter" Bool="true"/></Annotations>
			<Annotations xmlns="http://docs.oasis-open.org/odata/ns/edm" Target="MCCIssueTracking.MailRoles/modifiedBy"><Annotation xmlns="http://docs.oasis-open.org/odata/ns/edm" Term="Common.Label" String="Geändert von"/><Annotation xmlns="http://docs.oasis-open.org/odata/ns/edm" Term="Core.Computed" Bool="true"/><Annotation xmlns="http://docs.oasis-open.org/odata/ns/edm" Term="Core.Description" String="Die eindeutige ID eines Benutzers"/><Annotation xmlns="http://docs.oasis-open.org/odata/ns/edm" Term="UI.HiddenFilter" Bool="true"/></Annotations>
			<Annotations xmlns="http://docs.oasis-open.org/odata/ns/edm" Target="MCCIssueTracking.MailTemplates/createdAt"><Annotation xmlns="http://docs.oasis-open.org/odata/ns/edm" Term="Common.Label" String="Angelegt am"/><Annotation xmlns="http://docs.oasis-open.org/odata/ns/edm" Term="Core.Computed" Bool="true"/><Annotation xmlns="http://docs.oasis-open.org/odata/ns/edm" Term="Core.Immutable" Bool="true"/><Annotation xmlns="http://docs.oasis-open.org/odata/ns/edm" Term="UI.HiddenFilter" Bool="true"/></Annotations>
			<Annotations xmlns="http://docs.oasis-open.org/odata/ns/edm" Target="MCCIssueTracking.MailTemplates/createdBy"><Annotation xmlns="http://docs.oasis-open.org/odata/ns/edm" Term="Common.Label" String="Angelegt von"/><Annotation xmlns="http://docs.oasis-open.org/odata/ns/edm" Term="Core.Computed" Bool="true"/><Annotation xmlns="http://docs.oasis-open.org/odata/ns/edm" Term="Core.Description" String="Die eindeutige ID eines Benutzers"/><Annotation xmlns="http://docs.oasis-open.org/odata/ns/edm" Term="Core.Immutable" Bool="true"/><Annotation xmlns="http://docs.oasis-open.org/odata/ns/edm" Term="UI.HiddenFilter" Bool="true"/></Annotations>
			<Annotations xmlns="http://docs.oasis-open.org/odata/ns/edm" Target="MCCIssueTracking.MailTemplates/modifiedAt"><Annotation xmlns="http://docs.oasis-open.org/odata/ns/edm" Term="Common.Label" String="Geändert am"/><Annotation xmlns="http://docs.oasis-open.org/odata/ns/edm" Term="Core.Computed" Bool="true"/><Annotation xmlns="http://docs.oasis-open.org/odata/ns/edm" Term="UI.HiddenFilter" Bool="true"/></Annotations>
			<Annotations xmlns="http://docs.oasis-open.org/odata/ns/edm" Target="MCCIssueTracking.MailTemplates/modifiedBy"><Annotation xmlns="http://docs.oasis-open.org/odata/ns/edm" Term="Common.Label" String="Geändert von"/><Annotation xmlns="http://docs.oasis-open.org/odata/ns/edm" Term="Core.Computed" Bool="true"/><Annotation xmlns="http://docs.oasis-open.org/odata/ns/edm" Term="Core.Description" String="Die eindeutige ID eines Benutzers"/><Annotation xmlns="http://docs.oasis-open.org/odata/ns/edm" Term="UI.HiddenFilter" Bool="true"/></Annotations>
			<Annotations xmlns="http://docs.oasis-open.org/odata/ns/edm" Target="MCCIssueTracking.Recommendations/createdAt"><Annotation xmlns="http://docs.oasis-open.org/odata/ns/edm" Term="Common.Label" String="Angelegt am"/><Annotation xmlns="http://docs.oasis-open.org/odata/ns/edm" Term="Core.Computed" Bool="true"/><Annotation xmlns="http://docs.oasis-open.org/odata/ns/edm" Term="Core.Immutable" Bool="true"/><Annotation xmlns="http://docs.oasis-open.org/odata/ns/edm" Term="UI.HiddenFilter" Bool="true"/></Annotations>
			<Annotations xmlns="http://docs.oasis-open.org/odata/ns/edm" Target="MCCIssueTracking.Recommendations/createdBy"><Annotation xmlns="http://docs.oasis-open.org/odata/ns/edm" Term="Common.Label" String="Angelegt von"/><Annotation xmlns="http://docs.oasis-open.org/odata/ns/edm" Term="Core.Computed" Bool="true"/><Annotation xmlns="http://docs.oasis-open.org/odata/ns/edm" Term="Core.Description" String="Die eindeutige ID eines Benutzers"/><Annotation xmlns="http://docs.oasis-open.org/odata/ns/edm" Term="Core.Immutable" Bool="true"/><Annotation xmlns="http://docs.oasis-open.org/odata/ns/edm" Term="UI.HiddenFilter" Bool="true"/></Annotations>
			<Annotations xmlns="http://docs.oasis-open.org/odata/ns/edm" Target="MCCIssueTracking.Recommendations/modifiedAt"><Annotation xmlns="http://docs.oasis-open.org/odata/ns/edm" Term="Common.Label" String="Geändert am"/><Annotation xmlns="http://docs.oasis-open.org/odata/ns/edm" Term="Core.Computed" Bool="true"/><Annotation xmlns="http://docs.oasis-open.org/odata/ns/edm" Term="UI.HiddenFilter" Bool="true"/></Annotations>
			<Annotations xmlns="http://docs.oasis-open.org/odata/ns/edm" Target="MCCIssueTracking.Recommendations/modifiedBy"><Annotation xmlns="http://docs.oasis-open.org/odata/ns/edm" Term="Common.Label" String="Geändert von"/><Annotation xmlns="http://docs.oasis-open.org/odata/ns/edm" Term="Core.Computed" Bool="true"/><Annotation xmlns="http://docs.oasis-open.org/odata/ns/edm" Term="Core.Description" String="Die eindeutige ID eines Benutzers"/><Annotation xmlns="http://docs.oasis-open.org/odata/ns/edm" Term="UI.HiddenFilter" Bool="true"/></Annotations>
			<Annotations xmlns="http://docs.oasis-open.org/odata/ns/edm" Target="MCCIssueTracking.ReportingIssues/CustomerName"><Annotation xmlns="http://docs.oasis-open.org/odata/ns/edm" Term="Core.Computed" Bool="true"/></Annotations>
		</Schema>
	</edmx:DataServices>
</edmx:Edmx>